Average Domestic Airline Itinerary Fares By Origin City for 2013 Ranked by Total Number of Domestic Passengers in 2022,,,,,,,,,,,,,,,,,,
2022 Passenger Rank,Airport Code,Airport Name,City Name,State Name,Average Fare ($),Inflation Adjusted Average Fare ($) (Base Year: 2023),2022 Passengers (10% sample),,,,,,,,,,,
1,LAX,Los Angeles International,Los Angeles,CA,411.92,538.78," 1,204,082 ",,,,,,,,,,,
2,ORD,Chicago O'Hare International,Chicago-O'Hare,IL,400.51,523.86," 998,248 ",,,,,,,,,,,
3,DEN,Denver International,Denver,CO,327.21,427.98," 990,155 ",,,,,,,,,,,
4,ATL,Hartsfield-Jackson Atlanta International,Atlanta,GA,397.86,520.39," 951,353 ",,,,,,,,,,,
5,EWR,Newark Liberty International,Newark,NJ,487.50,637.63," 844,385 ",,,,,,,,,,,
6,BOS,Logan International,Boston,MA,373.46,488.47," 832,670 ",,,,,,,,,,,
7,SEA,Seattle/Tacoma International,Seattle,WA,380.51,497.69," 815,080 ",,,,,,,,,,,
8,MCO,Orlando International,Orlando,FL,294.75,385.52," 809,938 ",,,,,,,,,,,
9,DFW,Dallas/Fort Worth International,Dallas-DFW,TX,415.66,543.68," 781,899 ",,,,,,,,,,,
10,PHX,Phoenix Sky Harbor International,Phoenix,AZ,348.40,455.70," 753,870 ",,,,,,,,,,,
11,SFO,San Francisco International,San Francisco,CA,427.71,559.43," 745,559 ",,,,,,,,,,,
12,JFK,John F. Kennedy International,New York-JFK,NY,416.81,545.17," 692,687 ",,,,,,,,,,,
13,LAS,Harry Reid International,Las Vegas,NV,262.20,342.95," 687,806 ",,,,,,,,,,,
14,LGA,LaGuardia,New York-La Guardia,NY,370.60,484.74," 672,207 ",,,,,,,,,,,
15,MSP,Minneapolis-St Paul International,Minneapolis,MN,438.55,573.61," 592,925 ",,,,,,,,,,,
16,PHL,Philadelphia International,Philadelphia,PA,408.52,534.34," 553,118 ",,,,,,,,,,,
17,IAH,George Bush Intercontinental/Houston,Houston-Intercontinental,TX,499.82,653.76," 551,714 ",,,,,,,,,,,
18,SAN,San Diego International,San Diego,CA,364.42,476.65," 530,752 ",,,,,,,,,,,
19,DTW,Detroit Metro Wayne County,Detroit,MI,422.25,552.30," 526,777 ",,,,,,,,,,,
20,FLL,Fort Lauderdale-Hollywood International,Fort Lauderdale,FL,284.28,371.83," 524,862 ",,,,,,,,,,,
21,DCA,Ronald Reagan Washington National,Washington-Reagan National,DC,375.58,491.24," 488,036 ",,,,,,,,,,,
22,TPA,Tampa International,Tampa,FL,327.71,428.64," 480,514 ",,,,,,,,,,,
23,MIA,Miami International,Miami,FL,380.84,498.13," 478,823 ",,,,,,,,,,,
24,AUS,Austin - Bergstrom International,Austin,TX,386.60,505.67," 453,572 ",,,,,,,,,,,
25,BWI,Baltimore/Washington International Thurgood Marshall,Baltimore,MD,325.50,425.74," 442,456 ",,,,,,,,,,,
26,PDX,Portland International,Portland,OR,361.68,473.07," 400,840 ",,,,,,,,,,,
27,SLC,Salt Lake City International,Salt Lake City,UT,410.04,536.32," 400,695 ",,,,,,,,,,,
28,BNA,Nashville International,Nashville,TN,371.43,485.82," 387,230 ",,,,,,,,,,,
29,CLT,Charlotte Douglas International,Charlotte,NC,410.72,537.20," 372,212 ",,,,,,,,,,,
30,SMF,Sacramento International,Sacramento,CA,371.95,486.50," 339,569 ",,,,,,,,,,,
31,RDU,Raleigh-Durham International,Raleigh/Durham,NC,370.21,484.22," 327,718 ",,,,,,,,,,,
32,MDW,Chicago Midway International,Chicago-Midway,IL,316.06,413.40," 320,449 ",,,,,,,,,,,
33,HNL,Daniel K Inouye International,Honolulu,HI,348.28,455.55," 312,069 ",,,,,,,,,,,
34,STL,St Louis Lambert International,St. Louis,MO,361.03,472.21," 290,937 ",,,,,,,,,,,
35,SJC,Norman Y. Mineta San Jose International,San Jose,CA,341.41,446.56," 284,602 ",,,,,,,,,,,
36,OAK,Metro Oakland International,Oakland,CA,306.44,400.82," 272,223 ",,,,,,,,,,,
37,DAL,Dallas Love Field,Dallas-Love Field,TX,291.83,381.70," 268,490 ",,,,,,,,,,,
38,SNA,John Wayne Airport-Orange County,Santa Ana,CA,374.70,490.10," 265,267 ",,,,,,,,,,,
39,MCI,Kansas City International,Kansas City,MO,366.67,479.59," 262,674 ",,,,,,,,,,,
40,MSY,Louis Armstrong New Orleans International,New Orleans,LA,359.08,469.67," 258,635 ",,,,,,,,,,,
41,CLE,Cleveland-Hopkins International,Cleveland,OH,453.09,592.64," 256,332 ",,,,,,,,,,,
42,IAD,Washington Dulles International,Washington-Dulles,DC,495.88,648.59," 253,348 ",,,,,,,,,,,
43,IND,Indianapolis International,Indianapolis,IN,396.13,518.12," 251,793 ",,,,,,,,,,,
44,SJU,Luis Munoz Marin International,San Juan,PR,307.89,402.72," 243,172 ",,,,,,,,,,,
45,SAT,San Antonio International,San Antonio,TX,392.00,512.73," 241,700 ",,,,,,,,,,,
46,PIT,Pittsburgh International,Pittsburgh,PA,389.16,509.01," 233,411 ",,,,,,,,,,,
47,CVG,Cincinnati/Northern Kentucky International,Cincinnati,OH,520.06,680.22," 228,128 ",,,,,,,,,,,
48,CMH,John Glenn Columbus International,Columbus,OH,395.07,516.74," 213,465 ",,,,,,,,,,,
49,HOU,William P Hobby,Houston-Hobby,TX,342.54,448.03," 207,837 ",,,,,,,,,,,
50,RSW,Southwest Florida International,Fort Myers,FL,324.00,423.79," 200,474 ",,,,,,,,,,,
51,BDL,Bradley International,Hartford,CT,402.60,526.59," 183,949 ",,,,,,,,,,,
52,ONT,Ontario International,Ontario,CA,347.02,453.89," 170,319 ",,,,,,,,,,,
53,JAX,Jacksonville International,Jacksonville,FL,380.06,497.11," 169,662 ",,,,,,,,,,,
54,MKE,General Mitchell International,Milwaukee,WI,353.80,462.76," 164,464 ",,,,,,,,,,,
55,BUR,Bob Hope,Burbank,CA,284.20,371.73," 160,987 ",,,,,,,,,,,
56,PBI,Palm Beach International,West Palm Beach/Palm Beach,FL,328.85,430.12," 157,443 ",,,,,,,,,,,
57,OMA,Eppley Airfield,Omaha,NE,382.77,500.65," 128,152 ",,,,,,,,,,,
58,MEM,Memphis International,Memphis,TN,467.16,611.04," 124,614 ",,,,,,,,,,,
59,RIC,Richmond International,Richmond,VA,420.17,549.58," 124,059 ",,,,,,,,,,,
60,BOI,Boise Air Terminal,Boise,ID,396.06,518.04," 123,162 ",,,,,,,,,,,
61,CHS,Charleston AFB/International,Charleston,SC,400.84,524.29," 122,207 ",,,,,,,,,,,
62,BUF,Buffalo Niagara International,Buffalo,NY,324.47,424.40," 121,735 ",,,,,,,,,,,
63,ORF,Norfolk International,Norfolk,VA,410.31,536.67," 117,993 ",,,,,,,,,,,
64,ABQ,Albuquerque International Sunport,Albuquerque,NM,350.49,458.43," 117,060 ",,,,,,,,,,,
65,OGG,Kahului Airport,Kahului,HI,271.44,355.04," 113,378 ",,,,,,,,,,,
66,ELP,El Paso International,El Paso,TX,381.99,499.63," 113,101 ",,,,,,,,,,,
67,GRR,Gerald R. Ford International,Grand Rapids,MI,442.34,578.57," 108,941 ",,,,,,,,,,,
68,OKC,Will Rogers World,Oklahoma City,OK,409.31,535.37," 107,989 ",,,,,,,,,,,
69,SDF,Louisville Muhammad Ali International,Louisville,KY,400.95,524.43," 106,632 ",,,,,,,,,,,
70,ANC,Ted Stevens Anchorage International,Anchorage,AK,529.63,692.74," 105,666 ",,,,,,,,,,,
71,GEG,Spokane International,Spokane,WA,377.01,493.12," 104,809 ",,,,,,,,,,,
72,RNO,Reno/Tahoe International,Reno,NV,349.76,457.47," 100,069 ",,,,,,,,,,,
73,PVD,Rhode Island Tf Green International,Providence,RI,338.91,443.29," 96,518 ",,,,,,,,,,,
74,TUS,Tucson International,Tucson,AZ,381.10,498.47," 90,011 ",,,,,,,,,,,
75,DSM,Des Moines International,Des Moines,IA,396.19,518.21," 86,426 ",,,,,,,,,,,
76,LGB,Long Beach Airport,Long Beach,CA,239.61,313.41," 85,454 ",,,,,,,,,,,
77,TUL,Tulsa International,Tulsa,OK,438.42,573.44," 80,986 ",,,,,,,,,,,
78,SYR,Syracuse Hancock International,Syracuse,NY,415.86,543.93," 79,344 ",,,,,,,,,,,
79,SRQ,Sarasota/Bradenton International,Sarasota/Bradenton,FL,377.44,493.68," 78,452 ",,,,,,,,,,,
80,ALB,Albany International,Albany,NY,433.52,567.04," 78,345 ",,,,,,,,,,,
81,BHM,Birmingham-Shuttlesworth International,Birmingham,AL,419.25,548.36," 75,675 ",,,,,,,,,,,
82,SAV,Savannah/Hilton Head International,Savannah,GA,490.22,641.19," 74,039 ",,,,,,,,,,,
83,ROC,Frederick Douglass Grtr Rochester International,Rochester,NY,360.71,471.80," 72,280 ",,,,,,,,,,,
84,KOA,Ellison Onizuka Kona International at Keahole,Kona,HI,285.01,372.78," 67,891 ",,,,,,,,,,,
85,TYS,McGhee Tyson,Knoxville,TN,453.81,593.56," 64,333 ",,,,,,,,,,,
86,MYR,Myrtle Beach International,Myrtle Beach,SC,268.63,351.36," 62,925 ",,,,,,,,,,,
87,PNS,Pensacola International,Pensacola,FL,449.33,587.71," 60,511 ",,,,,,,,,,,
88,GSP,Greenville-Spartanburg International,Greer,SC,401.24,524.81," 59,223 ",,,,,,,,,,,
89,COS,City of Colorado Springs Municipal,Colorado Springs,CO,433.45,566.93," 58,992 ",,,,,,,,,,,
90,HPN,Westchester County,White Plains,NY,393.91,515.23," 58,461 ",,,,,,,,,,,
91,LIH,Lihue Airport,Lihue,HI,251.47,328.91," 58,367 ",,,,,,,,,,,
92,FAT,Fresno Yosemite International,Fresno,CA,408.68,534.54," 57,786 ",,,,,,,,,,,
93,LIT,Bill and Hillary Clinton Nat Adams Field,Little Rock,AR,400.86,524.32," 56,757 ",,,,,,,,,,,
94,MSN,Dane County Regional-Truax Field,Madison,WI,475.19,621.54," 55,194 ",,,,,,,,,,,
95,PWM,Portland International Jetport,Portland,ME,396.81,519.01," 54,716 ",,,,,,,,,,,
96,PSP,Palm Springs International,Palm Springs,CA,379.55,496.44," 52,936 ",,,,,,,,,,,
97,BZN,Bozeman Yellowstone International,Bozeman,MT,449.64,588.12," 50,546 ",,,,,,,,,,,
98,SFB,Orlando Sanford International,Sanford,FL,103.46,135.32," 47,740 ",,,,,,,,,,,
99,PIE,St Pete Clearwater International,St. Petersburg,FL,104.15,136.23," 47,279 ",,,,,,,,,,,
100,AVL,Asheville Regional,Asheville,NC,442.03,578.16," 46,964 ",,,,,,,,,,,
101,XNA,Northwest Arkansas National,Fayetteville,AR,516.00,674.91," 45,953 ",,,,,,,,,,,
102,EUG,Mahlon Sweet Field,Eugene,OR,369.16,482.85," 45,553 ",,,,,,,,,,,
103,ICT,Wichita Dwight D Eisenhower National,Wichita,KS,403.31,527.52," 45,334 ",,,,,,,,,,,
104,GSO,Piedmont Triad International,Greensboro/High Point,NC,434.88,568.81," 44,373 ",,,,,,,,,,,
105,AZA,Phoenix - Mesa Gateway,Phoenix,AZ,121.63,159.09," 40,373 ",,,,,,,,,,,
106,ISP,Long Island MacArthur,Islip,NY,302.32,395.42," 39,682 ",,,,,,,,,,,
107,CID,The Eastern Iowa,Cedar Rapids/Iowa City,IA,408.98,534.94," 39,310 ",,,,,,,,,,,
108,MHT,Manchester Boston Regional,Manchester,NH,354.38,463.52," 39,250 ",,,,,,,,,,,
109,MDT,Harrisburg International,Harrisburg,PA,437.76,572.58," 39,114 ",,,,,,,,,,,
110,FSD,Joe Foss Field,Sioux Falls,SD,394.75,516.33," 37,951 ",,,,,,,,,,,
111,JAN,Jackson Medgar Wiley Evers International,Jackson/Vicksburg,MS,438.94,574.12," 36,064 ",,,,,,,,,,,
112,MAF,Midland International Air and Space Port,Midland/Odessa,TX,419.79,549.08," 35,477 ",,,,,,,,,,,
113,PGD,Punta Gorda Airport,Punta Gorda,FL,107.56,140.69," 34,911 ",,,,,,,,,,,
114,BTV,Burlington International,Burlington,VT,421.19,550.91," 34,302 ",,,,,,,,,,,
115,VPS,Eglin AFB Destin Fort Walton Beach,Valparaiso,FL,508.27,664.81," 34,165 ",,,,,,,,,,,
116,LEX,Blue Grass,Lexington,KY,422.99,553.26," 33,204 ",,,,,,,,,,,
117,SBA,Santa Barbara Municipal,Santa Barbara,CA,466.95,610.75," 33,057 ",,,,,,,,,,,
118,HSV,Huntsville International-Carl T Jones Field,Huntsville,AL,544.86,712.67," 32,418 ",,,,,,,,,,,
119,DAY,James M Cox/Dayton International,Dayton,OH,373.92,489.07," 32,281 ",,,,,,,,,,,
120,ITO,Hilo International,Hilo,HI,232.29,303.83," 31,863 ",,,,,,,,,,,
121,MFE,McAllen International,Mission/McAllen/Edinburg,TX,403.32,527.53," 30,582 ",,,,,,,,,,,
122,SGF,Springfield-Branson National,Springfield,MO,423.94,554.50," 29,988 ",,,,,,,,,,,
123,ILM,Wilmington International,Wilmington,NC,435.53,569.66," 29,838 ",,,,,,,,,,,
124,ABE,Lehigh Valley International,Allentown/Bethlehem/Easton,PA,396.51,518.62," 29,672 ",,,,,,,,,,,
125,MFR,Rogue Valley International - Medford,Medford,OR,401.98,525.78," 29,385 ",,,,,,,,,,,
126,FAR,Hector International,Fargo,ND,440.29,575.88," 28,922 ",,,,,,,,,,,
127,HVN,Tweed New Haven,New Haven,CT,407.52,533.02," 28,589 ",,,,,,,,,,,
128,RDM,Roberts Field,Bend/Redmond,OR,424.89,555.75," 28,485 ",,,,,,,,,,,
129,ATW,Appleton International,Appleton,WI,485.93,635.58," 28,471 ",,,,,,,,,,,
130,CAE,Columbia Metropolitan,Columbia,SC,494.09,646.26," 28,304 ",,,,,,,,,,,
131,ACY,Atlantic City International,Atlantic City,NJ,165.43,216.37," 27,914 ",,,,,,,,,,,
132,ECP,Northwest Florida Beaches International,Panama City,FL,423.40,553.80," 27,650 ",,,,,,,,,,,
133,LBB,Lubbock Preston Smith International,Lubbock,TX,398.26,520.91," 26,643 ",,,,,,,,,,,
134,FAI,Fairbanks International,Fairbanks,AK,556.08,727.34," 25,849 ",,,,,,,,,,,
135,CHA,Lovell Field,Chattanooga,TN,442.96,579.38," 25,231 ",,,,,,,,,,,
136,HRL,Valley International,Harlingen/San Benito,TX,350.76,458.79," 25,134 ",,,,,,,,,,,
137,PSC,Tri Cities,Pasco/Kennewick/Richland,WA,412.88,540.03," 24,297 ",,,,,,,,,,,
138,FWA,Fort Wayne International,Fort Wayne,IN,408.39,534.16," 23,986 ",,,,,,,,,,,
139,SBN,South Bend International,South Bend,IN,375.59,491.27," 23,412 ",,,,,,,,,,,
140,TTN,Trenton Mercer,Trenton,NJ,199.36,260.75," 23,320 ",,,,,,,,,,,
141,STT,Cyril E King,Charlotte Amalie,VI,396.43,518.53," 22,552 ",,,,,,,,,,,
142,MSO,Missoula Montana,Missoula,MT,452.47,591.82," 22,036 ",,,,,,,,,,,
143,TLH,Tallahassee International,Tallahassee,FL,513.48,671.62," 21,803 ",,,,,,,,,,,
144,FNT,Bishop International,Flint,MI,367.80,481.08," 21,759 ",,,,,,,,,,,
145,BLI,Bellingham International,Bellingham,WA,233.76,305.75," 21,095 ",,,,,,,,,,,
146,BIL,Billings Logan International,Billings,MT,439.81,575.26," 21,002 ",,,,,,,,,,,
147,BQN,Rafael Hernandez,Aguadilla,PR,257.83,337.23," 20,914 ",,,,,,,,,,,
148,PIA,General Downing - Peoria International,Peoria,IL,370.29,484.33," 19,868 ",,,,,,,,,,,
149,AMA,Rick Husband Amarillo International,Amarillo,TX,403.15,527.31," 19,558 ",,,,,,,,,,,
150,BTR,Baton Rouge Metropolitan/Ryan Field,Baton Rouge,LA,455.16,595.33," 18,900 ",,,,,,,,,,,
151,BGR,Bangor International,Bangor,ME,423.76,554.27," 18,535 ",,,,,,,,,,,
152,FCA,Glacier Park International,Kalispell,MT,470.51,615.41," 18,363 ",,,,,,,,,,,
153,CAK,Akron-Canton Regional,Akron,OH,338.90,443.27," 18,054 ",,,,,,,,,,,
154,GRB,Green Bay Austin Straubel International,Green Bay,WI,562.69,735.98," 17,912 ",,,,,,,,,,,
155,MLI,Quad Cities International,Moline,IL,402.08,525.91," 17,389 ",,,,,,,,,,,
156,CRP,Corpus Christi International,Corpus Christi,TX,448.50,586.63," 17,271 ",,,,,,,,,,,
157,IDA,Idaho Falls Regional,Idaho Falls,ID,488.38,638.79," 17,158 ",,,,,,,,,,,
158,ROA,Roanoke Blacksburg Regional,Roanoke,VA,513.15,671.19," 16,923 ",,,,,,,,,,,
159,STS,Charles M. Schulz - Sonoma County,Santa Rosa,CA,275.74,360.66," 16,643 ",,,,,,,,,,,
160,EYW,Key West International,Key West,FL,391.29,511.79," 16,593 ",,,,,,,,,,,
161,RAP,Rapid City Regional,Rapid City,SD,473.36,619.14," 16,117 ",,,,,,,,,,,
162,AGS,Augusta Regional at Bush Field,Augusta,GA,434.68,568.55," 16,049 ",,,,,,,,,,,
163,GNV,Gainesville Regional,Gainesville,FL,467.61,611.62," 15,832 ",,,,,,,,,,,
164,SHV,Shreveport Regional,Shreveport,LA,483.95,633.00," 15,683 ",,,,,,,,,,,
165,CHO,Charlottesville Albemarle,Charlottesville,VA,484.07,633.15," 15,468 ",,,,,,,,,,,
166,BIS,Bismarck Municipal,Bismarck/Mandan,ND,429.99,562.42," 15,467 ",,,,,,,,,,,
167,SBP,San Luis County Regional,San Luis Obispo,CA,525.88,687.84," 15,158 ",,,,,,,,,,,
168,TVC,Cherry Capital,Traverse City,MI,558.39,730.35," 14,978 ",,,,,,,,,,,
169,DAB,Daytona Beach International,Daytona Beach,FL,372.45,487.15," 13,817 ",,,,,,,,,,,
170,MOB,Mobile Regional,Mobile,AL,539.98,706.27," 13,542 ",,,,,,,,,,,
171,JNU,Juneau International,Juneau,AK,475.26,621.63," 13,402 ",,,,,,,,,,,
172,LFT,Lafayette Regional Paul Fournet Field,Lafayette,LA,512.20,669.94," 13,097 ",,,,,,,,,,,
173,GPT,Gulfport-Biloxi International,Gulfport/Biloxi,MS,456.49,597.08," 12,893 ",,,,,,,,,,,
174,BLV,Scott AFB MidAmerica St Louis,Belleville,IL,104.67,136.91," 12,856 ",,,,,,,,,,,
175,AVP,Wilkes Barre Scranton International,Scranton/Wilkes-Barre,PA,474.35,620.44," 12,548 ",,,,,,,,,,,
176,JAC,Jackson Hole,Jackson,WY,595.32,778.66," 12,352 ",,,,,,,,,,,
177,GJT,Grand Junction Regional,Grand Junction,CO,468.89,613.29," 11,763 ",,,,,,,,,,,
178,BMI,Central Il Regional Airport at Bloomington,Bloomington/Normal,IL,386.64,505.72," 11,364 ",,,,,,,,,,,
179,PVU,Provo Municipal,Provo,UT,92.45,120.92," 11,296 ",,,,,,,,,,,
180,LCK,Rickenbacker International,Columbus,OH,99.40,130.01," 11,282 ",,,,,,,,,,,
181,MLB,Melbourne Orlando International,Melbourne,FL,386.00,504.88," 10,953 ",,,,,,,,,,,
182,MRY,Monterey Regional,Monterey,CA,398.00,520.57," 10,873 ",,,,,,,,,,,
183,TRI,Tri Cities,Bristol/Johnson City/Kingsport,TN,497.39,650.57," 10,728 ",,,,,,,,,,,
184,FAY,Fayetteville Regional/Grannis Field,Fayetteville,NC,448.07,586.06," 10,358 ",,,,,,,,,,,
185,CRW,West Virginia International Yeager,Charleston/Dunbar,WV,497.87,651.20," 9,810 ",,,,,,,,,,,
186,EVV,Evansville Regional,Evansville,IN,541.99,708.90," 9,387 ",,,,,,,,,,,
187,RFD,Chicago/Rockford International,Rockford,IL,145.86,190.77," 9,274 ",,,,,,,,,,,
188,ASE,Aspen Pitkin County Sardy Field,Aspen,CO,704.04,920.86," 9,218 ",,,,,,,,,,,
189,LBE,Arnold Palmer Regional,Latrobe,PA,145.35,190.12," 9,092 ",,,,,,,,,,,
190,MTJ,Montrose Regional,Montrose/Delta,CO,556.53,727.93," 9,054 ",,,,,,,,,,,
191,BFL,Meadows Field,Bakersfield,CA,547.33,715.90," 8,923 ",,,,,,,,,,,
192,DRO,Durango La Plata County,Durango,CO,432.43,565.61," 8,918 ",,,,,,,,,,,
193,OAJ,Albert J Ellis,Jacksonville/Camp Lejeune,NC,435.95,570.21," 8,869 ",,,,,,,,,,,
194,MOT,Minot International,Minot,ND,452.70,592.12," 8,807 ",,,,,,,,,,,
195,SWF,New York Stewart International,Newburgh/Poughkeepsie,NY,370.48,484.57," 8,758 ",,,,,,,,,,,
196,GTF,Great Falls International,Great Falls,MT,402.06,525.89," 8,402 ",,,,,,,,,,,
197,STX,Henry E. Rohlsen,Christiansted,VI,421.34,551.11," 8,289 ",,,,,,,,,,,
198,MGM,Montgomery Regional,Montgomery,AL,532.13,696.01," 8,028 ",,,,,,,,,,,
199,BRO,Brownsville South Padre Island International,Brownsville,TX,534.58,699.22," 7,585 ",,,,,,,,,,,
200,DLH,Duluth International,Duluth,MN,446.52,584.03," 7,502 ",,,,,,,,,,,
201,LRD,Laredo International,Laredo,TX,380.68,497.92," 7,490 ",,,,,,,,,,,
202,PSE,Mercedita,Ponce,PR,242.95,317.77," 7,458 ",,,,,,,,,,,
203,ACV,California Redwood Coast Humboldt County,Arcata/Eureka,CA,615.49,805.04," 7,025 ",,,,,,,,,,,
204,SGU,St George Regional,St. George,UT,290.35,379.77," 6,671 ",,,,,,,,,,,
205,SCE,University Park,State College,PA,580.51,759.29," 6,663 ",,,,,,,,,,,
206,HTS,Tri-State/Milton J. Ferguson Field,Ashland,WV,269.47,352.46," 6,529 ",,,,,,,,,,,
207,RDD,Redding Regional,Redding,CA,570.11,745.69," 6,359 ",,,,,,,,,,,
208,GRK,Robert Gray AAF,Killeen,TX,451.94,591.12," 6,319 ",,,,,,,,,,,
209,HDN,Yampa Valley,Hayden,CO,586.90,767.66," 6,118 ",,,,,,,,,,,
210,EGE,Eagle County Regional,Eagle,CO,602.21,787.68," 5,888 ",,,,,,,,,,,
211,AEX,Alexandria International,Alexandria,LA,475.17,621.51," 5,783 ",,,,,,,,,,,
212,GFK,Grand Forks International,Grand Forks,ND,363.41,475.33," 5,737 ",,,,,,,,,,,
213,TOL,Eugene F Kranz Toledo Express,Toledo,OH,258.67,338.33," 5,651 ",,,,,,,,,,,
214,SCK,Stockton Metro,Stockton,CA,107.33,140.39," 5,611 ",,,,,,,,,,,
215,PBG,Plattsburgh International,Plattsburgh,NY,168.98,221.03," 5,586 ",,,,,,,,,,,
216,ORH,Worcester Regional,Worcester,MA,281.35,367.99," 5,549 ",,,,,,,,,,,
217,ELM,Elmira/Corning Regional,Elmira/Corning,NY,411.75,538.56," 5,505 ",,,,,,,,,,,
218,BET,Bethel Airport,Bethel,AK,507.11,663.29," 5,312 ",,,,,,,,,,,
219,YUM,Yuma MCAS/Yuma International,Yuma,AZ,492.85,644.63," 5,258 ",,,,,,,,,,,
220,SAF,Santa Fe Municipal,Santa Fe,NM,462.51,604.95," 5,229 ",,,,,,,,,,,
221,GUM,Guam International,Guam,TT,1591.69,2081.88," 5,218 ",,,,,,,,,,,
222,MLU,Monroe Regional,Monroe,LA,485.07,634.46," 5,172 ",,,,,,,,,,,
223,KTN,Ketchikan International,Ketchikan,AK,474.63,620.80," 5,128 ",,,,,,,,,,,
224,LNK,Lincoln Airport,Lincoln,NE,483.07,631.84," 5,025 ",,,,,,,,,,,
225,RST,Rochester International,Rochester,MN,438.61,573.69," 4,946 ",,,,,,,,,,,
226,ACK,Nantucket Memorial,Nantucket,MA,304.01,397.64," 4,855 ",,,,,,,,,,,
227,LYH,Lynchburg Regional/Preston Glenn Field,Lynchburg,VA,490.36,641.37," 4,846 ",,,,,,,,,,,
228,SPI,Abraham Lincoln Capital,Springfield,IL,408.11,533.80," 4,759 ",,,,,,,,,,,
229,COU,Columbia Regional,Columbia,MO,406.77,532.04," 4,756 ",,,,,,,,,,,
230,PHF,Newport News/Williamsburg International,Newport News/Williamsburg,VA,424.28,554.95," 4,741 ",,,,,,,,,,,
231,LAN,Capital Region International,Lansing,MI,391.67,512.29," 4,701 ",,,,,,,,,,,
232,CWA,Central Wisconsin,Mosinee,WI,543.30,710.62," 4,682 ",,,,,,,,,,,
233,MHK,Manhattan Regional,Manhattan/Ft. Riley,KS,470.03,614.79," 4,620 ",,,,,,,,,,,
234,HLN,Helena Regional,Helena,MT,532.68,696.73," 4,615 ",,,,,,,,,,,
235,AZO,Kalamazoo/Battle Creek International,Kalamazoo,MI,575.49,752.72," 4,485 ",,,,,,,,,,,
236,GRI,Central Nebraska Regional,Grand Island,NE,249.27,326.04," 4,448 ",,,,,,,,,,,
237,MBS,MBS International,Saginaw/Bay City/Midland,MI,546.03,714.19," 4,353 ",,,,,,,,,,,
238,IAG,Niagara Falls International,Niagara Falls,NY,143.44,187.62," 4,309 ",,,,,,,,,,,
239,HHH,Hilton Head Airport,Hilton Head,SC,522.54,683.47," 4,200 ",,,,,,,,,,,
240,FLG,Flagstaff Pulliam,Flagstaff,AZ,473.52,619.36," 4,171 ",,,,,,,,,,,
241,ABI,Abilene Regional,Abilene,TX,453.45,593.10," 4,165 ",,,,,,,,,,,
242,PUW,Pullman Moscow Regional,Pullman,WA,381.02,498.37," 4,162 ",,,,,,,,,,,
243,CSG,Columbus Airport,Columbus,GA,544.29,711.92," 4,148 ",,,,,,,,,,,
244,CPR,Casper/Natrona County International,Casper,WY,461.55,603.70," 4,132 ",,,,,,,,,,,
245,ERI,Erie International/Tom Ridge Field,Erie,PA,396.53,518.65," 4,108 ",,,,,,,,,,,
246,PSM,Portsmouth International at Pease,Portsmouth,NH,103.24,135.03," 3,923 ",,,,,,,,,,,
247,LSE,La Crosse Regional,La Crosse,WI,553.11,723.46," 3,870 ",,,,,,,,,,,
248,SUN,Friedman Memorial,Sun Valley/Hailey/Ketchum,ID,300.76,393.38," 3,845 ",,,,,,,,,,,
249,EWN,Coastal Carolina Regional,New Bern/Morehead/Beaufort,NC,441.00,576.82," 3,794 ",,,,,,,,,,,
250,CMI,University of Illinois/Willard,Champaign/Urbana,IL,521.56,682.18," 3,728 ",,,,,,,,,,,
251,LCH,Lake Charles Regional,Lake Charles,LA,500.88,655.14," 3,704 ",,,,,,,,,,,
252,SIT,Sitka Rocky Gutierrez,Sitka,AK,447.90,585.84," 3,447 ",,,,,,,,,,,
253,ROW,Roswell Air Center,Roswell,NM,514.72,673.25," 3,386 ",,,,,,,,,,,
254,ITH,Ithaca Tompkins International,Ithaca/Cortland,NY,496.12,648.91," 3,367 ",,,,,,,,,,,
255,ADQ,Kodiak Airport,Kodiak,AK,646.12,845.11," 3,364 ",,,,,,,,,,,
256,FSM,Fort Smith Regional,Fort Smith,AR,556.83,728.31," 3,321 ",,,,,,,,,,,
257,SJT,San Angelo Regional/Mathis Field,San Angelo,TX,457.14,597.92," 3,305 ",,,,,,,,,,,
258,SBY,Salisbury-Ocean City/Wicomico Regional,Salisbury,MD,422.73,552.92," 2,984 ",,,,,,,,,,,
259,ACT,Waco Regional,Waco,TX,457.94,598.98," 2,959 ",,,,,,,,,,,
260,MVY,Martha's Vineyard Airport,Martha's Vineyard,MA,300.23,392.69," 2,869 ",,,,,,,,,,,
261,CKB,North Central West Virginia,Clarksburg/Fairmont,WV,429.35,561.58," 2,835 ",,,,,,,,,,,
262,CLL,Easterwood Field,College Station/Bryan,TX,451.36,590.37," 2,696 ",,,,,,,,,,,
263,LWS,Lewiston Nez Perce County,Lewiston,ID,451.11,590.04," 2,577 ",,,,,,,,,,,
264,TYR,Tyler Pounds Regional,Tyler,TX,448.20,586.24," 2,555 ",,,,,,,,,,,
265,LAW,Lawton-Fort Sill Regional,Lawton/Fort Sill,OK,477.35,624.36," 2,410 ",,,,,,,,,,,
266,HGR,Hagerstown Regional-Richard A. Henson Field,Hagerstown,MD,121.07,158.36," 2,404 ",,,,,,,,,,,
267,MQT,Marquette Sawyer Regional,Marquette,MI,605.36,791.79," 2,351 ",,,,,,,,,,,
268,VLD,Valdosta Regional,Valdosta,GA,560.93,733.68," 2,319 ",,,,,,,,,,,
269,TXK,Texarkana Regional-Webb Field,Texarkana,AR,473.63,619.50," 2,313 ",,,,,,,,,,,
270,GTR,Golden Triangle Regional,Columbus,MS,585.82,766.23," 2,208 ",,,,,,,,,,,
271,YKM,Yakima Air Terminal/McAllister Field,Yakima,WA,425.69,556.79," 2,174 ",,,,,,,,,,,
272,OME,Nome Airport,Nome,AK,523.91,685.26," 2,131 ",,,,,,,,,,,
273,DHN,Dothan Regional,Dothan,AL,651.09,851.61," 2,019 ",,,,,,,,,,,
274,EAT,Pangborn Memorial,Wenatchee,WA,405.03,529.77," 1,991 ",,,,,,,,,,,
275,ABY,Southwest Georgia Regional,Albany,GA,560.92,733.66," 1,956 ",,,,,,,,,,,
276,OTZ,Ralph Wien Memorial,Kotzebue,AK,530.81,694.28," 1,913 ",,,,,,,,,,,
277,FLO,Florence Regional,Florence,SC,415.54,543.51," 1,888 ",,,,,,,,,,,
278,ALW,Walla Walla Regional,Walla Walla,WA,352.39,460.92," 1,871 ",,,,,,,,,,,
279,PGV,Pitt Greenville,Greenville,NC,443.47,580.05," 1,794 ",,,,,,,,,,,
280,GCK,Garden City Regional,Garden City,KS,446.81,584.41," 1,772 ",,,,,,,,,,,
281,BRW,Wiley Post/Will Rogers Memorial,Barrow,AK,602.28,787.77," 1,766 ",,,,,,,,,,,
282,SPS,Sheppard AFB/Wichita Falls Municipal,Wichita Falls,TX,439.09,574.32," 1,761 ",,,,,,,,,,,
283,DRT,Del Rio International,Del Rio,TX,563.94,737.62," 1,742 ",,,,,,,,,,,
284,COD,Yellowstone Regional,Cody,WY,522.22,683.05," 1,715 ",,,,,,,,,,,
285,SPN,Francisco C. Ada Saipan International,Saipan,TT,1320.19,1726.77," 1,674 ",,,,,,,,,,,
286,BPT,Jack Brooks Regional,Beaumont/Port Arthur,TX,357.93,468.16," 1,638 ",,,,,,,,,,,
287,STC,St. Cloud Regional,St. Cloud,MN,143.01,187.06," 1,602 ",,,,,,,,,,,
288,BJI,Bemidji Regional,Bemidji,MN,262.82,343.76," 1,580 ",,,,,,,,,,,
289,GGG,East Texas Regional,Longview,TX,419.96,549.30," 1,544 ",,,,,,,,,,,
290,ABR,Aberdeen Regional,Aberdeen,SD,321.63,420.68," 1,504 ",,,,,,,,,,,
291,GUC,Gunnison-Crested Butte Regional,Gunnison,CO,567.37,742.10," 1,491 ",,,,,,,,,,,
292,BQK,Brunswick Golden Isles,Brunswick,GA,495.62,648.26," 1,440 ",,,,,,,,,,,
293,CIU,Chippewa County International,Sault Ste. Marie,MI,564.06,737.78," 1,430 ",,,,,,,,,,,
294,ART,Watertown International,Watertown,NY,514.45,672.89," 1,415 ",,,,,,,,,,,
295,DLG,Dillingham Airport,Dillingham,AK,630.82,825.10," 1,397 ",,,,,,,,,,,
296,PLN,Pellston Regional Airport of Emmet County,Pellston,MI,680.86,890.55," 1,382 ",,,,,,,,,,,
297,GCC,Northeast Wyoming Regional,Gillette,WY,547.73,716.42," 1,379 ",,,,,,,,,,,
298,BRD,Brainerd Lakes Regional,Brainerd,MN,182.30,238.45," 1,324 ",,,,,,,,,,,
299,SHR,Sheridan County,Sheridan,WY,616.36,806.18," 1,300 ",,,,,,,,,,,
300,DIK,Dickinson - Theodore Roosevelt Regional,Dickinson,ND,627.12,820.26," 1,287 ",,,,,,,,,,,
301,RHI,Rhinelander/Oneida County,Rhinelander,WI,253.76,331.91," 1,281 ",,,,,,,,,,,
302,PPG,Pago Pago International,Pago Pago,TT,1008.83,1319.52," 1,272 ",,,,,,,,,,,
303,ESC,Delta County,Escanaba,MI,538.92,704.90," 1,268 ",,,,,,,,,,,
304,SCC,Deadhorse Airport,Deadhorse,AK,467.99,612.12," 1,246 ",,,,,,,,,,,
305,CYS,Cheyenne Regional/Jerry Olson Field,Cheyenne,WY,579.75,758.29," 1,181 ",,,,,,,,,,,
306,TWF,Joslin Field - Magic Valley Regional,Twin Falls,ID,278.39,364.13," 1,149 ",,,,,,,,,,,
307,EAR,Kearney Regional,Kearney,NE,553.29,723.69," 1,142 ",,,,,,,,,,,
308,IMT,Ford,Iron Mountain/Kingsfd,MI,200.67,262.47," 1,141 ",,,,,,,,,,,
309,CMX,Houghton County Memorial,Hancock/Houghton,MI,521.76,682.45," 1,056 ",,,,,,,,,,,
310,BTM,Bert Mooney,Butte,MT,244.03,319.19," 1,024 ",,,,,,,,,,,
311,HOB,Lea County Regional,Hobbs,NM,489.53,640.29," 1,013 ",,,,,,,,,,,
312,AKN,King Salmon Airport,King Salmon,AK,653.94,855.33, 980 ,,,,,,,,,,,
313,LAR,Laramie Regional,Laramie,WY,392.67,513.60, 969 ,,,,,,,,,,,
314,PSG,Petersburg James A Johnson,Petersburg,AK,436.69,571.18, 963 ,,,,,,,,,,,
315,SUX,Sioux Gateway Brig Gen Bud Day Field,Sioux City,IA,434.99,568.95, 942 ,,,,,,,,,,,
316,PQI,Presque Isle International,Presque Isle/Houlton,ME,648.05,847.64, 941 ,,,,,,,,,,,
317,EAU,Chippewa Valley Regional,Eau Claire,WI,438.34,573.34, 917 ,,,,,,,,,,,
318,SMX,Santa Maria Public/Capt. G. Allan Hancock Field,Santa Maria,CA,341.05,446.08, 893 ,,,,,,,,,,,
319,HIB,Range Regional,Hibbing,MN,552.37,722.48, 859 ,,,,,,,,,,,
320,RKS,Southwest Wyoming Regional,Rock Springs,WY,529.85,693.04, 850 ,,,,,,,,,,,
321,DBQ,Dubuque Regional,Dubuque,IA,449.72,588.22, 847 ,,,,,,,,,,,
322,JLN,Joplin Regional,Joplin,MO,495.63,648.27, 830 ,,,,,,,,,,,
323,ALO,Waterloo Regional,Waterloo,IA,469.30,613.84, 829 ,,,,,,,,,,,
324,OWB,Owensboro Daviess County Regional,Owensboro,KY,135.07,176.67, 827 ,,,,,,,,,,,
325,OGD,Ogden-Hinckley,Ogden,UT,84.62,110.68, 813 ,,,,,,,,,,,
326,CDV,Merle K Mudhole Smith,Cordova,AK,429.96,562.37, 796 ,,,,,,,,,,,
327,FNL,Northern Colorado Regional,Fort Collins/Loveland,CO,157.78,206.37, 788 ,,,,,,,,,,,
328,BGM,Greater Binghamton/Edwin A. Link Field,Binghamton,NY,469.85,614.56, 779 ,,,,,,,,,,,
329,APN,Alpena County Regional,Alpena,MI,152.54,199.52, 773 ,,,,,,,,,,,
330,CDC,Cedar City Regional,Cedar City,UT,130.88,171.19, 757 ,,,,,,,,,,,
331,RIW,Central Wyoming Regional,Riverton/Lander,WY,624.82,817.25, 727 ,,,,,,,,,,,
332,PIH,Pocatello Regional,Pocatello,ID,273.63,357.90, 719 ,,,,,,,,,,,
333,LBF,North Platte Regional Airport Lee Bird Field,North Platte,NE,570.19,745.79, 685 ,,,,,,,,,,,
334,MEI,Key Field,Meridian,MS,582.45,761.83, 680 ,,,,,,,,,,,
335,CNY,Canyonlands Regional,Moab,UT,553.37,723.80, 677 ,,,,,,,,,,,
336,OTH,Southwest Oregon Regional,North Bend/Coos Bay,OR,481.28,629.50, 655 ,,,,,,,,,,,
337,PAH,Barkley Regional,Paducah,KY,431.78,564.75, 606 ,,,,,,,,,,,
338,BFF,Western Neb. Regional/William B. Heilig Field,Scottsbluff,NE,579.78,758.33, 602 ,,,,,,,,,,,
339,PRC,Prescott Regional Ernest A Love Field,Prescott,AZ,523.77,685.08, 600 ,,,,,,,,,,,
340,WRG,Wrangell Airport,Wrangell,AK,397.13,519.44, 599 ,,,,,,,,,,,
341,PIR,Pierre Regional,Pierre,SD,655.66,857.59, 581 ,,,,,,,,,,,
342,EKO,Elko Regional,Elko,NV,211.62,276.79, 558 ,,,,,,,,,,,
343,MKG,Muskegon County,Muskegon,MI,391.10,511.55, 535 ,,,,,,,,,,,
344,HYA,Cape Cod Gateway,Hyannis,MA,396.42,518.51, 533 ,,,,,,,,,,,
345,VEL,Vernal Regional,Vernal,UT,652.05,852.86, 527 ,,,,,,,,,,,
346,JMS,Jamestown Regional,Jamestown,ND,627.54,820.81, 504 ,,,,,,,,,,,
347,PIB,Hattiesburg-Laurel Regional,Hattiesburg/Laurel,MS,601.84,787.19, 493 ,,,,,,,,,,,
348,INL,Falls International Einarson Field,International Falls,MN,199.47,260.90, 480 ,,,,,,,,,,,
349,PUB,Pueblo Memorial,Pueblo,CO,431.81,564.79, 465 ,,,,,,,,,,,
350,HYS,Hays Regional,Hays,KS,592.00,774.32, 448 ,,,,,,,,,,,
351,VCT,Victoria Regional,Victoria,TX,436.71,571.20, 424 ,,,,,,,,,,,
352,DEC,Decatur Airport,Decatur,IL,411.89,538.74, 422 ,,,,,,,,,,,
353,SHD,Shenandoah Valley Regional,Staunton,VA,372.02,486.59, 419 ,,,,,,,,,,,
354,ILG,New Castle,Wilmington,DE,196.02,256.40, 383 ,,,,,,,,,,,
355,LBL,Liberal Mid-America Regional,Liberal,KS,559.17,731.38, 356 ,,,,,,,,,,,
356,OGS,Ogdensburg International,Ogdensburg,NY,521.04,681.50, 347 ,,,,,,,,,,,
357,ATY,Watertown Regional,Watertown,SD,561.50,734.43, 336 ,,,,,,,,,,,
358,YAK,Yakutat Airport,Yakutat,AK,367.36,480.50, 326 ,,,,,,,,,,,
359,CGI,Cape Girardeau Regional,Cape Girardeau,MO,488.16,638.50, 310 ,,,,,,,,,,,
360,ALS,San Luis Valley Regional/Bergman Field,Alamosa,CO,555.83,727.01, 309 ,,,,,,,,,,,
361,DDC,Dodge City Regional,Dodge City,KS,544.10,711.67, 308 ,,,,,,,,,,,
362,BKG,Branson Airport,Branson,MO,285.01,372.79, 303 ,,,,,,,,,,,
363,JST,John Murtha Johnstown-Cambria County,Johnstown,PA,548.25,717.09, 288 ,,,,,,,,,,,
364,TBN,Waynesville-St. Robert Regional Forney Field,Fort Leonard Wood,MO,505.94,661.76, 283 ,,,,,,,,,,,
365,DVL,Devils Lake Regional,Devils Lake,ND,662.16,866.09, 266 ,,,,,,,,,,,
366,WYS,Yellowstone,West Yellowstone,MT,796.00,1041.15, 257 ,,,,,,,,,,,
367,LWB,Greenbrier Valley,Lewisburg,WV,441.32,577.24, 242 ,,,,,,,,,,,
368,MCW,Mason City Municipal,Mason City,IA,630.03,824.06, 234 ,,,,,,,,,,,
368,MWA,Veterans Airport of Southern Illinois,Marion/Herrin,IL,490.23,641.21, 234 ,,,,,,,,,,,
370,DUT,Unalaska Airport,Unalaska,AK,995.91,1302.63, 232 ,,,,,,,,,,,
371,CVN,Clovis Regional,Clovis,NM,679.79,889.15, 228 ,,,,,,,,,,,
372,IPL,Imperial County,El Centro,CA,429.69,562.02, 221 ,,,,,,,,,,,
373,GST,Gustavus Airport,Gustavus,AK,209.26,273.71, 202 ,,,,,,,,,,,
374,LEB,Lebanon Municipal,Lebanon-Hanover,NH,483.38,632.24, 192 ,,,,,,,,,,,
375,BKW,Raleigh County Memorial,Beckley,WV,484.89,634.22, 190 ,,,,,,,,,,,
376,AUG,Augusta State,Augusta/Waterville,ME,427.36,558.98, 187 ,,,,,,,,,,,
377,TEX,Telluride Regional,Telluride,CO,583.94,763.77, 171 ,,,,,,,,,,,
378,RUT,Rutland - Southern Vermont Regional,Rutland,VT,457.50,598.39, 155 ,,,,,,,,,,,
379,UIN,Quincy Regional-Baldwin Field,Quincy,IL,479.48,627.14, 146 ,,,,,,,,,,,
380,PKB,Mid-Ohio Valley Regional,Parkersburg,WV,537.87,703.51, 140 ,,,,,,,,,,,
381,BHB,Hancock County-Bar Harbor,Bar Harbor,ME,521.89,682.61, 132 ,,,,,,,,,,,
382,ENA,Kenai Municipal,Kenai,AK,775.23,1013.98, 124 ,,,,,,,,,,,
383,BRL,Southeast Iowa Regional,Burlington,IA,419.43,548.61, 120 ,,,,,,,,,,,
384,MSL,Northwest Alabama Regional,Muscle Shoals,AL,509.30,666.15, 119 ,,,,,,,,,,,
385,TUP,Tupelo Regional,Tupelo,MS,535.83,700.84, 112 ,,,,,,,,,,,
386,IWD,Gogebic-Iron County,Ironwood,MI,512.15,669.88, 109 ,,,,,,,,,,,
387,CEZ,Cortez Municipal,Cortez,CO,633.49,828.59, 105 ,,,,,,,,,,,
388,IRK,Kirksville Regional,Kirksville,MO,445.73,583.01, 104 ,,,,,,,,,,,
389,PVC,Provincetown Municipal,Provincetown,MA,454.78,594.84, 103 ,,,,,,,,,,,
390,RKD,Knox County Regional,Rockland,ME,535.17,699.99, 102 ,,,,,,,,,,,
391,AIA,Alliance Municipal,Alliance,NE,581.47,760.55, 90 ,,,,,,,,,,,
392,PGA,Page Municipal,Page,AZ,532.09,695.96, 89 ,,,,,,,,,,,
393,AOO,Altoona-Blair County,Altoona,PA,568.59,743.70, 87 ,,,,,,,,,,,
394,DUJ,DuBois Regional,DuBois,PA,571.07,746.94, 72 ,,,,,,,,,,,
394,SLK,Adirondack Regional,Saranac Lake/Lake Placid,NY,515.08,673.71, 72 ,,,,,,,,,,,
396,GLH,Greenville Mid Delta,Greenville,MS,581.87,761.07, 70 ,,,,,,,,,,,
397,MGW,Morgantown Municipal Walter L Bill Hart Field,Morgantown,WV,624.10,816.30, 69 ,,,,,,,,,,,
397,VQS,Antonio Rivera Rodriguez,Vieques,PR,477.50,624.56, 69 ,,,,,,,,,,,
399,ADK,Adak,Adak Island,AK,992.77,1298.51, 66 ,,,,,,,,,,,
400,HOM,Homer Airport,Homer,AK,733.68,959.64, 65 ,,,,,,,,,,,
401,TVF,Thief River Falls Regional,Thief River Falls,MN,665.72,870.75, 60 ,,,,,,,,,,,
402,MAZ,Eugenio Maria de Hostos,Mayaguez,PR,477.96,625.16, 58 ,,,,,,,,,,,
403,MSS,Massena International-Richards Field,Massena,NY,496.49,649.40, 56 ,,,,,,,,,,,
404,FOD,Fort Dodge Regional,Fort Dodge,IA,679.23,888.41, 54 ,,,,,,,,,,,
405,SOW,Show Low Regional,Show Low,AZ,573.28,749.83, 46 ,,,,,,,,,,,
406,SDY,Sidney Richland Regional,Sidney,MT,519.11,678.99, 45 ,,,,,,,,,,,
407,CNM,Cavern City Air Terminal,Carlsbad,NM,469.68,614.33, 43 ,,,,,,,,,,,
408,CDR,Chadron Municipal,Chadron,NE,543.87,711.37, 34 ,,,,,,,,,,,
408,MCK,McCook Ben Nelson Regional,McCook,NE,604.40,790.54, 34 ,,,,,,,,,,,
410,BFD,Bradford Regional,Bradford,PA,514.61,673.09, 32 ,,,,,,,,,,,
411,LNS,Lancaster Airport,Lancaster,PA,379.13,495.89, 29 ,,,,,,,,,,,
412,GDV,Dawson Community,Glendive,MT,588.11,769.23, 26 ,,,,,,,,,,,
413,MKK,Molokai,Hoolehua,HI,665.73,870.75, 20 ,,,,,,,,,,,
414,HVR,Havre City-County,Havre,MT,545.18,713.08, 16 ,,,,,,,,,,,
414,OLF,L. M. Clayton,Wolf Point,MT,528.70,691.53, 16 ,,,,,,,,,,,
416,VDZ,Valdez Pioneer Field,Valdez,AK,702.01,918.21, 13 ,,,,,,,,,,,
417,GGW,Wokal Field Glasgow Valley County,Glasgow,MT,565.33,739.44, 11 ,,,,,,,,,,,
418,LNY,Lanai Airport,Lanai,HI,1076.22,1407.67, 7 ,,,,,,,,,,,
418,CDB,Cold Bay Airport,Cold Bay,AK,884.57,1156.99, 7 ,,,,,,,,,,,
420,JHM,Kapalua Airport,Kapalua,HI,844.63,1104.75, 6 ,,,,,,,,,,,
421,MCN,Middle Georgia Regional,Macon,GA,456.81,597.50, 4 ,,,,,,,,,,,
421,SDP,Sand Point,Sandpoint,AK,968.03,1266.16, 4 ,,,,,,,,,,,
423,SNP,St. Paul Island,St. Paul,AK,969.61,1268.22, 3 ,,,,,,,,,,,
424,JBR,Jonesboro Municipal,Jonesboro,AR,303.24,396.63, 1 ,,,,,,,,,,,
425,CEC,Jack McNamara Field,Crescent City,CA,449.13,587.45, -   ,,,,,,,,,,,
425,CIC,Chico Regional,Chico,CA,515.52,674.28, -   ,,,,,,,,,,,
425,CLD,McClellan-Palomar,Carlsbad,CA,420.54,550.05, -   ,,,,,,,,,,,
425,FKL,Venango Regional,Franklin/Oil City,PA,483.34,632.20, -   ,,,,,,,,,,,
425,FMN,Four Corners Regional,Farmington,NM,587.99,769.07, -   ,,,,,,,,,,,
425,FOE,Topeka Regional,Topeka,KS,207.60,271.54, -   ,,,,,,,,,,,
425,GBD,Great Bend Municipal,Great Bend,KS,634.22,829.55, -   ,,,,,,,,,,,
425,GYY,Gary/Chicago International,Gary,IN,109.63,143.39, -   ,,,,,,,,,,,
425,HFD,Hartford Brainard,Hartford,CT,309.00,404.16, -   ,,,,,,,,,,,
425,HON,Huron Regional,Huron,SD,662.00,865.88, -   ,,,,,,,,,,,
425,IFP,Laughlin/Bullhead International,Bullhead City,AZ,188.11,246.04, -   ,,,,,,,,,,,
425,IGM,Kingman Airport,Kingman,AZ,475.06,621.36, -   ,,,,,,,,,,,
425,IPT,Williamsport Regional,Williamsport,PA,542.35,709.38, -   ,,,,,,,,,,,
425,ISN,Sloulin Field International,Williston,ND,694.84,908.84, -   ,,,,,,,,,,,
425,IYK,Inyokern Airport,Inyokern,CA,1040.37,1360.77, -   ,,,,,,,,,,,
425,JHW,Chautauqua County/Jamestown,Jamestown,NY,498.12,651.53, -   ,,,,,,,,,,,
425,LAM,Los Alamos Airport,Los Alamos,NM,325.40,425.61, -   ,,,,,,,,,,,
425,LMT,Crater Lake Klamath Regional,Klamath Falls,OR,500.58,654.75, -   ,,,,,,,,,,,
425,MCE,Merced Yosemite Regional,Merced,CA,316.67,414.20, -   ,,,,,,,,,,,
425,MLS,Frank Wiley Field,Miles City,MT,423.25,553.60, -   ,,,,,,,,,,,
425,MMH,Mammoth Lakes Airport,Mammoth Lakes,CA,183.85,240.47, -   ,,,,,,,,,,,
425,MOD,Modesto City-County-Harry Sham Field,Modesto,CA,548.86,717.89, -   ,,,,,,,,,,,
425,ROP,Benjamin Taisacan Manglona International,Rota,TT,1111.63,1453.98, -   ,,,,,,,,,,,
425,SPB,Charlotte Amalie Harbor Seaplane Base,Charlotte Amalie,VI,274.00,358.38, -   ,,,,,,,,,,,
425,SVC,Grant County,Silver City/Hurley,NM,518.62,678.34, -   ,,,,,,,,,,,
425,VIS,Visalia Municipal,Visalia,CA,403.02,527.14, -   ,,,,,,,,,,,
425,WRL,Worland Municipal,Worland,WY,619.58,810.40, -   ,,,,,,,,,,,
425,YNG,Youngstown-Warren Regional,Youngstown/Warren,OH,109.34,143.01, -   ,,,,,,,,,,,
National Average,,,,,381.95,,,,,,,,,,,,,
"Source:  Bureau of Transportation Statistics, Airline Origin & Destination Survey (10% Sample), DB1B_Ticket where bulk fare equals zero, itinerary fare is greater than or equal to fifty dollars ($50) and itinerary yield is less than or equal to three dollars ($3).",,,,,,,,,,,,,,,,,,
"Itinerary Fare:  Average fares are based on domestic itinerary fares, round-trip or one-way for which no return is purchased. Fares are based on the total ticket value which consists of the price charged by the airlines plus any additional taxes and fees levied by an outside entity at the time of purchase. Fares include only the price paid at the time of the ticket purchase and do not include other fees, such as baggage fees, paid at the airport or onboard the aircraft. Averages do not include frequent-flyer or 'zero fares' or a few abnormally high reported fares.  Airports* ranked by U.S. originating domestic passengers in 2022.",,,,,,,,,,,,,,,,,,
